id,gym_id,link_type_id,url,title,description,is_active,sort_order,created_at,updated_at
60,RBK,booking,https://portal.iclasspro.com/rbkingwood/booking,,,true,1,2025-08-29 22:24:55.10943,2025-08-29 22:24:55.10943
73,HGA,booking,https://portal.iclasspro.com/houstongymnastics/booking,,,true,1,2025-08-29 22:24:55.10943,2025-08-29 22:24:55.10943
125,TIG,booking,https://portal.iclasspro.com/tigar/booking,,,true,1,2025-08-29 22:24:55.10943,2025-08-29 22:24:55.10943
86,EST,booking,https://portal.iclasspro.com/estrellagymnastics/booking,,,true,1,2025-08-29 22:24:55.10943,2025-08-29 22:24:55.10943
8,CCP,booking,https://portal.iclasspro.com/capgymavery/booking,,,true,1,2025-08-29 22:24:55.10943,2025-08-29 22:24:55.10943
99,OAS,booking,https://portal.iclasspro.com/oasisgymnastics/booking,,,true,1,2025-08-29 22:24:55.10943,2025-08-29 22:24:55.10943
21,CPF,booking,https://portal.iclasspro.com/capgymhp/booking,,,true,1,2025-08-29 22:24:55.10943,2025-08-29 22:24:55.10943
34,CRR,booking,https://portal.iclasspro.com/capgymroundrock/booking,,,true,1,2025-08-29 22:24:55.10943,2025-08-29 22:24:55.10943
112,SGT,booking,https://portal.iclasspro.com/scottsdalegymnastics/booking,,,true,1,2025-08-29 22:24:55.10943,2025-08-29 22:24:55.10943
47,RBA,booking,https://portal.iclasspro.com/rbatascocita/booking,,,true,1,2025-08-29 22:24:55.10943,2025-08-29 22:24:55.10943
23,CPF,kids_night_out,https://portal.iclasspro.com/capgymhp/camps/2?sortBy=time,,,true,3,2025-08-29 22:24:55.10943,2025-08-29 22:24:55.10943
75,HGA,kids_night_out,https://portal.iclasspro.com/houstongymnastics/camps/7?sortBy=time,,,true,3,2025-08-29 22:24:55.10943,2025-08-29 22:24:55.10943
127,TIG,kids_night_out,https://portal.iclasspro.com/tigar/camps/8?sortBy=time,,,true,3,2025-08-29 22:24:55.10943,2025-08-29 22:24:55.10943
10,CCP,kids_night_out,https://portal.iclasspro.com/capgymavery/camps/13?sortBy=time,,,true,3,2025-08-29 22:24:55.10943,2025-08-29 22:24:55.10943
114,SGT,kids_night_out,https://portal.iclasspro.com/scottsdalegymnastics/camps/32?sortBy=time,,,true,3,2025-08-29 22:24:55.10943,2025-08-29 22:24:55.10943
88,EST,kids_night_out,https://portal.iclasspro.com/estrellagymnastics/camps/3?sortBy=time,,,true,3,2025-08-29 22:24:55.10943,2025-08-29 22:24:55.10943
62,RBK,kids_night_out,https://portal.iclasspro.com/rbkingwood/camps/26?sortBy=time,,,true,3,2025-08-29 22:24:55.10943,2025-08-29 22:24:55.10943
36,CRR,kids_night_out,https://portal.iclasspro.com/capgymroundrock/camps/26?sortBy=time,,,true,3,2025-08-29 22:24:55.10943,2025-08-29 22:24:55.10943
49,RBA,kids_night_out,https://portal.iclasspro.com/rbatascocita/camps/35?sortBy=time,,,true,3,2025-08-29 22:24:55.10943,2025-08-29 22:24:55.10943
101,OAS,kids_night_out,https://portal.iclasspro.com/oasisgymnastics/camps/27?sortBy=time,,,true,3,2025-08-29 22:24:55.10943,2025-08-29 22:24:55.10943
50,RBA,open_gym,https://portal.iclasspro.com/rbatascocita/camps/76?sortBy=name,,,true,4,2025-08-29 22:24:55.10943,2025-08-29 22:24:55.10943
37,CRR,open_gym,https://portal.iclasspro.com/capgymroundrock/camps/35?sortBy=time,,,true,4,2025-08-29 22:24:55.10943,2025-08-29 22:24:55.10943
115,SGT,open_gym,https://portal.iclasspro.com/scottsdalegymnastics/camps/5?sortBy=time,,,true,4,2025-08-29 22:24:55.10943,2025-08-29 22:24:55.10943
128,TIG,open_gym,https://portal.iclasspro.com/tigar/camps/22?sortBy=time,,,true,4,2025-08-29 22:24:55.10943,2025-08-29 22:24:55.10943
24,CPF,open_gym,https://portal.iclasspro.com/capgymhp/camps/81?sortBy=name,,,true,4,2025-08-29 22:24:55.10943,2025-08-29 22:24:55.10943
102,OAS,open_gym,https://portal.iclasspro.com/oasisgymnastics/camps/60?sortBy=time,,,true,4,2025-08-29 22:24:55.10943,2025-08-29 22:24:55.10943
63,RBK,open_gym,https://portal.iclasspro.com/rbkingwood/camps/6?sortBy=time,,,true,4,2025-08-29 22:24:55.10943,2025-08-29 22:24:55.10943
76,HGA,open_gym,https://portal.iclasspro.com/houstongymnastics/camps/15?sortBy=time,,,true,4,2025-08-29 22:24:55.10943,2025-08-29 22:24:55.10943
11,CCP,open_gym,https://portal.iclasspro.com/capgymavery/camps/17?sortBy=time,,,true,4,2025-08-29 22:24:55.10943,2025-08-29 22:24:55.10943
89,EST,open_gym,https://portal.iclasspro.com/estrellagymnastics/camps/12?sortBy=time,,,true,4,2025-08-29 22:24:55.10943,2025-08-29 22:24:55.10943
77,HGA,skill_clinics,https://portal.iclasspro.com/houstongymnastics/camps/2?sortBy=time,,,true,5,2025-08-29 22:24:55.10943,2025-08-29 22:24:55.10943
51,RBA,skill_clinics,https://portal.iclasspro.com/rbatascocita/camps/33?sortBy=time,,,true,5,2025-08-29 22:24:55.10943,2025-08-29 22:24:55.10943
12,CCP,skill_clinics,https://portal.iclasspro.com/capgymavery/camps/7?sortBy=time,,,true,5,2025-08-29 22:24:55.10943,2025-08-29 22:24:55.10943
25,CPF,skill_clinics,https://portal.iclasspro.com/capgymhp/camps/31?sortBy=time,,,true,5,2025-08-29 22:24:55.10943,2025-08-29 22:24:55.10943
38,CRR,skill_clinics,https://portal.iclasspro.com/capgymroundrock/camps/28?sortBy=time,,,true,5,2025-08-29 22:24:55.10943,2025-08-29 22:24:55.10943
64,RBK,skill_clinics,https://portal.iclasspro.com/rbkingwood/camps/31?sortBy=time,,,true,5,2025-08-29 22:24:55.10943,2025-08-29 22:24:55.10943
90,EST,skill_clinics,https://portal.iclasspro.com/estrellagymnastics/camps/24?sortBy=time,,,true,5,2025-08-29 22:24:55.10943,2025-08-29 22:24:55.10943
103,OAS,skill_clinics,https://portal.iclasspro.com/oasisgymnastics/camps/33?sortBy=time,,,true,5,2025-08-29 22:24:55.10943,2025-08-29 22:24:55.10943
116,SGT,skill_clinics,https://portal.iclasspro.com/scottsdalegymnastics/camps/28?sortBy=time,,,true,5,2025-08-29 22:24:55.10943,2025-08-29 22:24:55.10943
129,TIG,skill_clinics,https://portal.iclasspro.com/tigar/camps/2?sortBy=time,,,true,5,2025-08-29 22:24:55.10943,2025-08-29 22:24:55.10943