id,name,location,manager,phone,email,address,website_url,google_maps_url,created_at,updated_at
CCP,Capital Gymnastics Cedar Park,TX,,,,,,,2025-06-24 16:44:42.097384,2025-06-24 16:44:42.097384
CPF,Capital Gymnastics Pflugerville,TX,,,,,,,2025-06-24 16:44:42.097384,2025-06-24 16:44:42.097384
CRR,Capital Gymnastics Round Rock,TX,,,,,,,2025-06-24 16:44:42.097384,2025-06-24 16:44:42.097384
EST,Estrella Gymnastics,AZ,,,,,,,2025-06-24 16:44:42.097384,2025-06-24 16:44:42.097384
HGA,Houston Gymnastics Academy,TX,Misty,,,,,,2025-06-24 16:44:42.097384,2025-06-24 16:44:42.097384
OAS,Oasis Gymnastics,AZ,Jocelyn,,,,,,2025-06-24 16:44:42.097384,2025-06-24 16:44:42.097384
RBA,Rowland Ballard Atascocita,TX,,,,,,,2025-06-24 16:44:42.097384,2025-06-24 16:44:42.097384
RBK,Rowland Ballard Kingwood,TX,,,,,,,2025-06-24 16:44:42.097384,2025-06-24 16:44:42.097384
SGT,Scottsdale Gymnastics,AZ,,,,,,,2025-06-24 16:44:42.097384,2025-06-24 16:44:42.097384
TIG,Tigar Gymnastics,CA,,,,,,,2025-06-24 16:44:42.097384,2025-06-24 16:44:42.097384